{
  "source_crossmatch": "/var/stellar_pop/lib/data/fit/eboss_firefly_crossmatch.json",
  "entries_total": 12,
  "with_age_observation": 10,
  "with_metallicity_observation": 10,
  "with_stellar_mass_observation": 10,
  "comparisons": [
    {
      "galaxy_id": 3,
      "galaxy_name": "NGC1068",
      "match_type": "sdss_objid",
      "separation_arcsec": 9.828746854553309,
      "observations_count": 1,
      "obs_age_gyr": 2.5,
      "obs_metallicity_z": 0.02,
      "obs_stellar_mass_msun": 100000000000.0,
      "firefly_age_massw_raw": 13325740826.833338,
      "firefly_age_gyr": 13.325740826833337,
      "firefly_metallicity_massw_raw": 1.1920224771853682,
      "firefly_metallicity_z_assuming_linear_z_over_zsun": 0.023840449543707367,
      "firefly_metallicity_conversion_note": "Assumes FIREFLY metallicity is linear Z/Zsun and uses Zsun=0.02",
      "firefly_stellar_mass_msun": 916291670.6733524,
      "delta_age_gyr": 10.825740826833337,
      "ratio_age": 5.330296330733335,
      "delta_metallicity_z": 0.0038404495437073666,
      "ratio_metallicity": 1.1920224771853682,
      "delta_stellar_mass_msun": -99083708329.32664,
      "ratio_stellar_mass": 0.009162916706733524
    },
    {
      "galaxy_id": 4,
      "galaxy_name": "NGC4889",
      "match_type": "sdss_objid",
      "separation_arcsec": 0.2931438703895457,
      "observations_count": 1,
      "obs_age_gyr": 13.0,
      "obs_metallicity_z": 0.03,
      "obs_stellar_mass_msun": 500000000000.0,
      "firefly_age_massw_raw": 12775979160.166676,
      "firefly_age_gyr": 12.775979160166676,
      "firefly_metallicity_massw_raw": 1.9966769764192795,
      "firefly_metallicity_z_assuming_linear_z_over_zsun": 0.03993353952838559,
      "firefly_metallicity_conversion_note": "Assumes FIREFLY metallicity is linear Z/Zsun and uses Zsun=0.02",
      "firefly_stellar_mass_msun": 46615058989.391045,
      "delta_age_gyr": -0.2240208398333241,
      "ratio_age": 0.9827676277051289,
      "delta_metallicity_z": 0.00993353952838559,
      "ratio_metallicity": 1.3311179842795198,
      "delta_stellar_mass_msun": -453384941010.60895,
      "ratio_stellar_mass": 0.09323011797878208
    },
    {
      "galaxy_id": 5,
      "galaxy_name": "NGC4261",
      "match_type": "sdss_objid",
      "separation_arcsec": 3.8728208927119314,
      "observations_count": 1,
      "obs_age_gyr": 11.5,
      "obs_metallicity_z": 0.028,
      "obs_stellar_mass_msun": 200000000000.0,
      "firefly_age_massw_raw": 11126694160.166672,
      "firefly_age_gyr": 11.126694160166672,
      "firefly_metallicity_massw_raw": 1.9301766045817663,
      "firefly_metallicity_z_assuming_linear_z_over_zsun": 0.03860353209163533,
      "firefly_metallicity_conversion_note": "Assumes FIREFLY metallicity is linear Z/Zsun and uses Zsun=0.02",
      "firefly_stellar_mass_msun": 3644538382.359806,
      "delta_age_gyr": -0.37330583983332843,
      "ratio_age": 0.9675386226231888,
      "delta_metallicity_z": 0.010603532091635327,
      "ratio_metallicity": 1.3786975747012618,
      "delta_stellar_mass_msun": -196355461617.6402,
      "ratio_stellar_mass": 0.01822269191179903
    },
    {
      "galaxy_id": 6,
      "galaxy_name": "NGC4472",
      "match_type": "sdss_objid",
      "separation_arcsec": 36.4569831688189,
      "observations_count": 1,
      "obs_age_gyr": 12.5,
      "obs_metallicity_z": 0.03,
      "obs_stellar_mass_msun": 300000000000.0,
      "firefly_age_massw_raw": 4929380826.833333,
      "firefly_age_gyr": 4.9293808268333335,
      "firefly_metallicity_massw_raw": 1.9966769764192795,
      "firefly_metallicity_z_assuming_linear_z_over_zsun": 0.03993353952838559,
      "firefly_metallicity_conversion_note": "Assumes FIREFLY metallicity is linear Z/Zsun and uses Zsun=0.02",
      "firefly_stellar_mass_msun": 45217868.17850969,
      "delta_age_gyr": -7.5706191731666665,
      "ratio_age": 0.3943504661466667,
      "delta_metallicity_z": 0.00993353952838559,
      "ratio_metallicity": 1.3311179842795198,
      "delta_stellar_mass_msun": -299954782131.8215,
      "ratio_stellar_mass": 0.00015072622726169897
    },
    {
      "galaxy_id": 11,
      "galaxy_name": "M101",
      "match_type": "radec",
      "separation_arcsec": 0.29302488897326806,
      "observations_count": 0,
      "obs_age_gyr": null,
      "obs_metallicity_z": null,
      "obs_stellar_mass_msun": null,
      "firefly_age_massw_raw": 4579532493.499999,
      "firefly_age_gyr": 4.5795324934999995,
      "firefly_metallicity_massw_raw": 0.5802190562802456,
      "firefly_metallicity_z_assuming_linear_z_over_zsun": 0.011604381125604912,
      "firefly_metallicity_conversion_note": "Assumes FIREFLY metallicity is linear Z/Zsun and uses Zsun=0.02",
      "firefly_stellar_mass_msun": 10029022.090177039,
      "delta_age_gyr": null,
      "ratio_age": null,
      "delta_metallicity_z": null,
      "ratio_metallicity": null,
      "delta_stellar_mass_msun": null,
      "ratio_stellar_mass": null
    },
    {
      "galaxy_id": 22,
      "galaxy_name": "NGC4194",
      "match_type": "sdss_objid",
      "separation_arcsec": 3.255224111603459,
      "observations_count": 1,
      "obs_age_gyr": 0.3,
      "obs_metallicity_z": 0.02,
      "obs_stellar_mass_msun": 20000000000.0,
      "firefly_age_massw_raw": 10426997493.499994,
      "firefly_age_gyr": 10.426997493499995,
      "firefly_metallicity_massw_raw": 0.07481623031514423,
      "firefly_metallicity_z_assuming_linear_z_over_zsun": 0.0014963246063028847,
      "firefly_metallicity_conversion_note": "Assumes FIREFLY metallicity is linear Z/Zsun and uses Zsun=0.02",
      "firefly_stellar_mass_msun": 1601393918.0947387,
      "delta_age_gyr": 10.126997493499994,
      "ratio_age": 34.75665831166665,
      "delta_metallicity_z": -0.018503675393697117,
      "ratio_metallicity": 0.07481623031514423,
      "delta_stellar_mass_msun": -18398606081.905262,
      "ratio_stellar_mass": 0.08006969590473693
    },
    {
      "galaxy_id": 23,
      "galaxy_name": "NGC3690",
      "match_type": "sdss_objid",
      "separation_arcsec": 11.21117328041605,
      "observations_count": 1,
      "obs_age_gyr": 0.5,
      "obs_metallicity_z": 0.02,
      "obs_stellar_mass_msun": 50000000000.0,
      "firefly_age_massw_raw": 5329207493.5,
      "firefly_age_gyr": 5.3292074935,
      "firefly_metallicity_massw_raw": 0.20781697399017093,
      "firefly_metallicity_z_assuming_linear_z_over_zsun": 0.0041563394798034186,
      "firefly_metallicity_conversion_note": "Assumes FIREFLY metallicity is linear Z/Zsun and uses Zsun=0.02",
      "firefly_stellar_mass_msun": 1040381874.4670113,
      "delta_age_gyr": 4.8292074935,
      "ratio_age": 10.658414987,
      "delta_metallicity_z": -0.015843660520196583,
      "ratio_metallicity": 0.20781697399017093,
      "delta_stellar_mass_msun": -48959618125.53299,
      "ratio_stellar_mass": 0.020807637489340225
    },
    {
      "galaxy_id": 27,
      "galaxy_name": "NGC4151",
      "match_type": "sdss_objid",
      "separation_arcsec": 16.862305747888886,
      "observations_count": 1,
      "obs_age_gyr": 3.0,
      "obs_metallicity_z": 0.02,
      "obs_stellar_mass_msun": 40000000000.0,
      "firefly_age_massw_raw": 14875069160.16668,
      "firefly_age_gyr": 14.87506916016668,
      "firefly_metallicity_massw_raw": 0.5070686472589809,
      "firefly_metallicity_z_assuming_linear_z_over_zsun": 0.01014137294517962,
      "firefly_metallicity_conversion_note": "Assumes FIREFLY metallicity is linear Z/Zsun and uses Zsun=0.02",
      "firefly_stellar_mass_msun": 78439255.74641803,
      "delta_age_gyr": 11.87506916016668,
      "ratio_age": 4.958356386722227,
      "delta_metallicity_z": -0.009858627054820381,
      "ratio_metallicity": 0.5070686472589809,
      "delta_stellar_mass_msun": -39921560744.25358,
      "ratio_stellar_mass": 0.0019609813936604507
    },
    {
      "galaxy_id": 30,
      "galaxy_name": "NGC4874",
      "match_type": "sdss_objid",