{
  "source_fit": "/var/stellar_pop/lib/data/fit/manga-firefly-globalprop-v3_1_1-mastar.fits",
  "tolerance_arcsec": 1.0,
  "galaxies_checked": 35,
  "matched": 2,
  "unmatched": 33,
  "matches": [
    {
      "galaxy_id": 4,
      "galaxy_name": "NGC4889",
      "galaxy_sdss_objid": "1237667444048723983",
      "galaxy_ra": 195.0338,
      "galaxy_dec": 27.9769,
      "separation_arcsec": 0.21941388869380268,
      "firefly_index": 1269,
      "firefly_mangaid": "1-456627",
      "firefly_plateifu": "9877-12704",
      "firefly_ra": 195.03382873535156,
      "firefly_dec": 27.97695541381836,
      "firefly_redshift": 0.02163516916334629,
      "firefly_photometric_mass": 11.519981384277344,
      "firefly_lw_age_1re": 0.7719050049781799,
      "firefly_mw_age_1re": 0.9733831286430359,
      "firefly_lw_z_1re": 0.13381808996200562,
      "firefly_mw_z_1re": 0.21258659660816193
    },
    {
      "galaxy_id": 30,
      "galaxy_name": "NGC4874",
      "galaxy_sdss_objid": "1237667444048658532",
      "galaxy_ra": 194.8988,
      "galaxy_dec": 27.9594,
      "separation_arcsec": 0.480765093264456,
      "firefly_index": 2317,
      "firefly_mangaid": "50-2",
      "firefly_plateifu": "8480-12701",
      "firefly_ra": 194.89877319335938,
      "firefly_dec": 27.95926856994629,
      "firefly_redshift": 0.024018533527851105,
      "firefly_photometric_mass": -9999.0,
      "firefly_lw_age_1re": 0.9333659410476685,
      "firefly_mw_age_1re": 0.9881054759025574,
      "firefly_lw_z_1re": 0.20312736928462982,
      "firefly_mw_z_1re": 0.2359345257282257
    }
  ]
}