{
  "query": {
    "ra": 146.71420288085938,
    "dec": -1.041304349899292,
    "tolerance_arcsec": 1.0
  },
  "match": {
    "index": 0,
    "separation_arcsec": 0.0,
    "plateid": 266,
    "mjd": 51602,
    "fiberid": 1,
    "ra": 146.71420288085938,
    "dec": -1.041304349899292
  },
  "pdf_log_mstar": {
    "MEDIAN": 10.294700622558594,
    "P16": 10.202774047851563,
    "P84": 10.38957405090332,
    "P2P5": 10.124110221862793,
    "P97P5": 10.476274490356445,
    "MODE": 10.293333053588867,
    "AVG": 10.308452606201172
  }
}